model,split,mae_kw,rmse_kw,mape_percent,r2,inference_ms_per_sample
random_forest,validation,0.5062155220621641,0.6930520413260809,55.690373644409775,,
random_forest,test,0.4096988406067874,0.5636062260833368,57.9386214454387,,
xgboost,validation,0.49237802401347625,0.6810527217761696,53.477897604978885,,
xgboost,test,0.4010042656218205,0.5589435250621108,55.81322751125612,,
